{"_step":10,"final/train_loss":0.0015282176179240445,"loss_function":"mse_loss","train/accuracy":0.9904814814814815,"epoch":10,"train/loss":0.0015282176179240445,"_wandb":{"runtime":71},"_runtime":71.8585826,"seed":42,"final/val_accuracy":0.9728333333333333,"val/loss":0.004166948785195432,"_timestamp":1.7728599754839182e+09,"final/val_loss":0.004166948785195432,"val/accuracy":0.9728333333333333}