{"_timestamp":1.77211143382103e+09,"val/loss":0.35595977628087627,"_step":10,"_runtime":98.5005647,"epoch":10,"optimizer":"momentum","_wandb":{"runtime":98},"architecture":"3_hidden_layers_x_128_neurons_relu","final_val_loss":0.35595977628087627,"train/loss":0.3376947594542506,"final_train_loss":0.3376947594542506}