{"_timestamp":1.772524360460167e+09,"test_loss":0.12411511044069047,"val/accuracy":0.9615,"best_val_accuracy":0.9623333333333334,"train/loss":0.0793848948248195,"_step":5,"_wandb":{"runtime":21},"test/loss":0.12411511044069047,"test_accuracy":0.9598,"epoch":5,"test/accuracy":0.9598,"_runtime":21,"train/accuracy":0.9745555555555555,"val/loss":0.1374174493585655}