{"final/val_loss":0.004504861912555573,"val/accuracy":0.9718333333333333,"final/val_accuracy":0.9718333333333333,"train/accuracy":0.9893703703703703,"_runtime":92.6826482,"loss_function":"mse_loss","epoch":10,"seed":46,"train/loss":0.0017105719074729249,"final/train_loss":0.0017105719074729249,"_wandb":{"runtime":92},"val/loss":0.004504861912555573,"_step":10,"_timestamp":1.7728604395689175e+09}