{"_step":15,"train/accuracy":0.9809074074074075,"_timestamp":1.7724334272657273e+09,"train/loss":0.05952827265933853,"best_val_accuracy":0.9681666666666666,"_runtime":21,"test/loss":0.11778341976373692,"val/loss":0.154906045560505,"test/accuracy":0.9672,"val/accuracy":0.9603333333333334,"test_loss":0.11778341976373692,"test_accuracy":0.9672,"_wandb":{"runtime":21},"epoch":15}