{"train/loss":2.1806442574852523,"_runtime":14,"val/loss":2.181120004647152,"test/loss":2.178832589830164,"_wandb":{"runtime":14},"epoch":5,"best_val_accuracy":0.4026666666666667,"train/accuracy":0.4093888888888889,"_timestamp":1.7724348603149626e+09,"test_loss":2.178832589830164,"test_accuracy":0.4123,"_step":5,"val/accuracy":0.4026666666666667,"test/accuracy":0.4123}