{"val/loss":0.3197075803802186,"val/accuracy":0.9113333333333333,"test/loss":0.30167423460790876,"best_val_accuracy":0.9113333333333333,"test/accuracy":0.9199,"epoch":5,"train/loss":0.2910754751827026,"_step":5,"test_accuracy":0.9199,"_wandb":{"runtime":40},"_timestamp":1.7721010035229301e+09,"train/accuracy":0.9235740740740741,"test_loss":0.30167423460790876,"_runtime":40}