{"val/accuracy":0.1205,"best_val_accuracy":0.13116666666666665,"_runtime":39,"epoch":10,"_timestamp":1.7724493547887866e+09,"train/loss":2.2901202919107675,"train/accuracy":0.11411111111111111,"test/accuracy":0.115,"test_loss":2.2896596031212546,"test_accuracy":0.115,"val/loss":2.289511181588188,"_step":10,"test/loss":2.2896596031212546,"_wandb":{"runtime":39}}