{"_wandb":{"runtime":58},"_runtime":58,"epoch":5,"train/loss":2.025621962860328,"test/accuracy":0.61,"best_val_accuracy":0.5931666666666666,"_step":5,"val/loss":2.0240856496065156,"val/accuracy":0.5931666666666666,"train/accuracy":0.5940740740740741,"test/loss":2.017350817403347,"test_accuracy":0.61,"_timestamp":1.7721289591856496e+09,"test_loss":2.017350817403347}