{"_timestamp":1.7724358305140474e+09,"test/accuracy":0.9687,"test_loss":0.11413854911431626,"test_accuracy":0.9687,"train/loss":0.04437012925494298,"_wandb":{"runtime":41},"val/accuracy":0.9693333333333334,"test/loss":0.11413854911431626,"_runtime":41,"_step":10,"train/accuracy":0.9854814814814815,"epoch":10,"best_val_accuracy":0.972,"val/loss":0.11426915738980123}