{"val/loss":0.09949612714961094,"test/accuracy":0.9741,"train/loss":0.020124388748208925,"test_loss":0.10318761614323464,"epoch":15,"test/loss":0.10318761614323464,"_wandb":{"runtime":543},"val/accuracy":0.9755,"best_val_accuracy":0.9771666666666666,"_runtime":543,"_timestamp":1.7724341084643657e+09,"_step":15,"test_accuracy":0.9741,"train/accuracy":0.9936481481481482}