{"train/loss":0.0017105719074729249,"final/train_loss":0.0017105719074729249,"val/accuracy":0.9718333333333333,"final/val_loss":0.004504861912555573,"_wandb":{"runtime":112},"_runtime":112.549677,"epoch":10,"loss_function":"mse_loss","train/accuracy":0.9893703703703703,"final/val_accuracy":0.9718333333333333,"_timestamp":1.7728589383736007e+09,"_step":10,"val/loss":0.004504861912555573,"seed":46}