{"val/loss":0.17958858888458454,"test_loss":0.15378213974825103,"_runtime":5281,"_timestamp":1.7721342593331397e+09,"epoch":15,"test/loss":0.15378213974825103,"best_val_accuracy":0.9693333333333334,"test_accuracy":0.9711,"_wandb":{"runtime":5281},"val/accuracy":0.967,"train/loss":0.05188460343120394,"train/accuracy":0.9862037037037037,"_step":15,"test/accuracy":0.9711}