{"loss_function":"cross_entropy_loss","seed":43,"final/train_loss":0.02748330534216035,"_runtime":144.9156793,"epoch":10,"train/loss":0.02748330534216035,"final/val_loss":0.10872276686136861,"final/val_accuracy":0.9751666666666666,"_step":10,"val/loss":0.10872276686136861,"val/accuracy":0.9751666666666666,"train/accuracy":0.990037037037037,"_timestamp":1.772859583187777e+09,"_wandb":{"runtime":144}}