{"train/loss":0.0017800394932949762,"val/loss":0.004428511171673145,"final/train_loss":0.0017800394932949762,"_wandb":{"runtime":106},"epoch":10,"loss_function":"mse_loss","_timestamp":1.7728602184298081e+09,"train/accuracy":0.9888888888888889,"final/val_loss":0.004428511171673145,"_runtime":106.6790302,"val/accuracy":0.9728333333333333,"_step":10,"seed":44,"final/val_accuracy":0.9728333333333333}