{"_step":10,"epoch":10,"final_val_loss":0.35574798459031753,"optimizer":"sgd","final_train_loss":0.33745814672561636,"val/loss":0.35574798459031753,"_wandb":{"runtime":34},"train/loss":0.33745814672561636,"architecture":"3_hidden_layers_x_128_neurons_relu","_runtime":34.391865,"_timestamp":1.7728170444979107e+09}