{"_runtime":11,"_timestamp":1.7721688742783866e+09,"val/accuracy":0.9313333333333333,"test_accuracy":0.9351,"val/loss":0.242407178292355,"test_loss":0.21766108093839684,"_step":5,"train/accuracy":0.9382407407407407,"_wandb":{"runtime":11},"epoch":5,"train/loss":0.21434375084411705,"test/accuracy":0.9351,"test/loss":0.21766108093839684,"best_val_accuracy":0.9313333333333333}