{"test_loss":0.4173649262996924,"_runtime":301,"_timestamp":1.77289000251117e+09,"test/accuracy":0.8557,"test_accuracy":0.8557,"val/loss":0.36917228073808517,"best_val_accuracy":0.8743333333333333,"train/accuracy":0.884,"val/accuracy":0.8688333333333333,"_step":10,"_wandb":{"runtime":301},"train/loss":0.31703764882678714,"epoch":10,"test/loss":0.4173649262996924}