{"test/loss":0.1002302128296871,"test_loss":0.1002302128296871,"test_accuracy":0.9704,"train/accuracy":0.9886481481481482,"val/accuracy":0.9668333333333333,"_step":10,"_wandb":{"runtime":213},"_runtime":213,"best_val_accuracy":0.9668333333333333,"val/loss":0.11537272429955546,"epoch":10,"train/loss":0.03820385488736741,"test/accuracy":0.9704,"_timestamp":1.772121753465995e+09}