{"_step":10,"_runtime":75.8870463,"optimizer":"sgd","_wandb":{"runtime":75},"final_val_loss":0.3557479845903175,"train/loss":0.33745814672561636,"final_train_loss":0.33745814672561636,"epoch":10,"_timestamp":1.7721113260335014e+09,"architecture":"3_hidden_layers_x_128_neurons_relu","val/loss":0.3557479845903175}