{"train/loss":0.031605911225931954,"train/accuracy":0.9896481481481482,"val/accuracy":0.9721666666666666,"_wandb":{"runtime":169},"test_loss":0.08798749426096739,"_timestamp":1.7725241788111567e+09,"test/accuracy":0.9742,"epoch":5,"val/loss":0.10355355205879747,"_step":5,"test/loss":0.08798749426096739,"best_val_accuracy":0.9733333333333334,"test_accuracy":0.9742,"_runtime":169}