{"_wandb":{"runtime":110},"seed":45,"_step":10,"train/accuracy":0.9938518518518519,"final/val_accuracy":0.9766666666666667,"_runtime":110.2560208,"epoch":10,"val/loss":0.09378704709232191,"_timestamp":1.7728598149646447e+09,"val/accuracy":0.9766666666666667,"train/loss":0.019005388593209514,"loss_function":"cross_entropy_loss","final/val_loss":0.09378704709232191,"final/train_loss":0.019005388593209514}