{"xavier/grad_neuron_3":0.00018886968807109303,"zeros/grad_neuron_3":1.9212377228893503e-05,"q2_9/gradient_plot":{"width":3080,"height":1100,"_type":"image-file","sha256":"af0d539d55ae662b93ce3ad4a48c0a34f754cbebf87dfdeeaf24aa13e5b5ffaf","size":306695,"path":"media/images/q2_9/gradient_plot_50_af0d539d55ae662b93ce.png","format":"png"},"xavier/grad_neuron_4":0.00017896805632687323,"q2_9/zeros_mean_neuron_grad_std":5.505714157152952e-23,"_wandb":{"runtime":1},"xavier/loss":1.797371857815502,"zeros/grad_neuron_2":1.9212377228893503e-05,"_timestamp":1.7728718017159479e+09,"xavier/grad_neuron_1":0.0003332979897492308,"q2_9/explanation":"With zero initialization, neurons in a layer stay symmetric and receive identical updates, so they learn redundant features. Xavier breaks symmetry by starting neurons differently.","zeros/loss":2.235726776150486,"zeros/grad_neuron_1":1.9212377228893503e-05,"iteration":50,"xavier/grad_neuron_2":0.00017928507633750723,"zeros/grad_neuron_4":1.9212377228893503e-05,"_runtime":1,"xavier/grad_neuron_5":0.0002075276137512211,"_step":50,"q2_9/xavier_mean_neuron_grad_std":5.926568009906037e-05,"zeros/grad_neuron_5":1.9212377228893503e-05,"q2_9/loss_plot":{"_type":"image-file","sha256":"cd797f433a3f1bfa483ac6579ea78bf6999aa8be1c36801deb504b003e394141","size":97886,"path":"media/images/q2_9/loss_plot_50_cd797f433a3f1bfa483a.png","format":"png","width":1760,"height":1100}}