{"_timestamp":1.7728582749336262e+09,"_step":10,"loss_function":"cross_entropy_loss","train/accuracy":0.990037037037037,"train/loss":0.02748330534216035,"final/train_loss":0.02748330534216035,"final/val_loss":0.10872276686136861,"final/val_accuracy":0.9751666666666666,"_runtime":93.7282104,"seed":43,"val/accuracy":0.9751666666666666,"epoch":10,"val/loss":0.10872276686136861,"_wandb":{"runtime":93}}