{"loss_function":"mse_loss","_step":10,"_timestamp":1.772860330702666e+09,"final/val_accuracy":0.9773333333333334,"train/accuracy":0.9907407407407407,"val/loss":0.0037665426364058632,"seed":45,"final/val_loss":0.0037665426364058632,"train/loss":0.0014700469468255702,"epoch":10,"val/accuracy":0.9773333333333334,"_wandb":{"runtime":96},"final/train_loss":0.0014700469468255702,"_runtime":96.3736649}