{"_timestamp":1.7721346332330263e+09,"test_loss":0.10487920871404258,"train/loss":0.014508160887648783,"test_accuracy":0.9754,"_runtime":128,"epoch":15,"train/accuracy":0.9960555555555556,"test/loss":0.10487920871404258,"test/accuracy":0.9754,"_wandb":{"runtime":128},"val/accuracy":0.9736666666666667,"val/loss":0.10599078384543108,"best_val_accuracy":0.9756666666666667,"_step":15}