{"epoch":10,"final_train_loss":0.10874467657715785,"_runtime":558.0103682,"val/loss":0.1407330438675645,"train/loss":0.10874467657715785,"architecture":"3_hidden_layers_x_128_neurons_relu","optimizer":"nesterov","final_val_loss":0.1407330438675645,"_step":10,"_wandb":{"runtime":558},"_timestamp":1.7721120011996975e+09}