{"_step":15,"val/accuracy":0.9746666666666667,"test/accuracy":0.9729,"epoch":15,"train/accuracy":0.9959074074074074,"val/loss":0.11317814731710547,"train/loss":0.011810945906843548,"test/loss":0.12059758106765771,"test_loss":0.12059758106765771,"_runtime":603,"_wandb":{"runtime":603},"_timestamp":1.7721680525240498e+09,"best_val_accuracy":0.9783333333333334,"test_accuracy":0.9729}