{"_runtime":3651,"_timestamp":1.7724608729532871e+09,"epoch":10,"val/accuracy":0.9766666666666667,"test/accuracy":0.9743,"best_val_accuracy":0.9766666666666667,"test_accuracy":0.9743,"_wandb":{"runtime":3651},"test_loss":0.0987333120176666,"train/loss":0.019156472473727256,"train/accuracy":0.9931481481481481,"_step":10,"val/loss":0.09215633227901936,"test/loss":0.0987333120176666}