{"epoch":10,"_step":10,"val/loss":0.004166948785195432,"train/loss":0.0015282176179240445,"final/train_loss":0.0015282176179240445,"loss_function":"mse_loss","_wandb":{"runtime":50},"seed":42,"val/accuracy":0.9728333333333333,"train/accuracy":0.9904814814814815,"_timestamp":1.772858547966627e+09,"final/val_loss":0.004166948785195432,"final/val_accuracy":0.9728333333333333,"_runtime":50.6381411}