{"train/accuracy":0.9964259259259259,"test_loss":0.09792951548858715,"test_accuracy":0.9757,"_step":15,"val/loss":0.11953401385935195,"val/accuracy":0.9758333333333333,"test/accuracy":0.9757,"train/loss":0.009910054342556375,"_timestamp":1.7724697016816206e+09,"epoch":15,"test/loss":0.09792951548858715,"best_val_accuracy":0.9801666666666666,"_wandb":{"runtime":2126},"_runtime":2126}