{"_timestamp":1.7728583586679916e+09,"_step":10,"loss_function":"cross_entropy_loss","seed":44,"_wandb":{"runtime":75},"epoch":10,"train/accuracy":0.9953518518518518,"val/accuracy":0.9763333333333334,"val/loss":0.09438826822329376,"final/train_loss":0.014854244499220931,"final/val_loss":0.09438826822329376,"train/loss":0.014854244499220931,"final/val_accuracy":0.9763333333333334,"_runtime":75.8712462}