{"observation_note":"No clear vanishing-gradient signal in this run.","vanishing_gradient_observed":false,"plots/grad_norm_w1_relu_vs_sigmoid":{"format":"png","width":1980,"height":2310,"_type":"image-file","sha256":"3951eab65117d6e20bfd0a5a39396e39e77e4761081fcc6e29b3c15413493b64","size":192119,"path":"media/images/plots/grad_norm_w1_relu_vs_sigmoid_10_3951eab65117d6e20bfd.png"},"L5_N128/relu/val_loss":0.10762938946618507,"L2_N128/sigmoid/train_loss":0.02895677513997444,"_runtime":1581,"vanishing_gradient_summary":{"log_mode":"IMMUTABLE","nrows":3,"path":"media/table/vanishing_gradient_summary_11_ecb263e498bc3997528b.table.json","_type":"table-file","_latest_artifact_path":"wandb-client-artifact://ml3nmdsauhwqcr7knek6ncc6culh6nx1j5j5pgnf6wlij84qywu1hlnc8a8g7uwnpe3ibbzbk4jnzmehs2g4bvw00rjzq73esmzspcqcir5x6ly7anhreow8y7mn8r59:latest/vanishing_gradient_summary.table.json","ncols":7,"size":511,"artifact_path":"wandb-client-artifact://3ku1xuvwy6t9uiipvl4ixdll1ncaocvlot73d26ixev1marlqoplou9mosm8cpnw2gv5k8t40qoinxc6h1dnmf62etpeaaq69c70pqxnq9ze7buzdh7y45n93osyz2mq/vanishing_gradient_summary.table.json","sha256":"ecb263e498bc3997528b40f69e30c8d1a97002fc4103eebaae8bb5768cc30fb3"},"L3_N128/sigmoid/grad_norm_w1":0.1704330654592739,"L2_N128/relu/val_loss":0.0993796470053655,"L3_N128/relu/grad_norm_w1":0.4006976998875414,"L3_N128/relu/val_loss":0.10767259001898426,"L5_N128/sigmoid/val_loss":0.11709881903312763,"L3_N128/sigmoid/train_loss":0.024562088630548373,"_wandb":{"runtime":1581},"_timestamp":1.7721722948494148e+09,"L2_N128/sigmoid/grad_norm_w1":0.1318514160884624,"_step":11,"L5_N128/sigmoid/grad_norm_w1":0.29046120609766096,"L2_N128/sigmoid/val_loss":0.0924422948344434,"L3_N128/sigmoid/val_loss":0.1018285281616205,"L5_N128/relu/train_loss":0.017701153968750334,"L2_N128/relu/train_loss":0.010980663425742814,"L5_N128/relu/grad_norm_w1":0.45932087251963993,"L2_N128/relu/grad_norm_w1":0.30410441979367203,"L3_N128/relu/train_loss":0.020780912884019086,"L5_N128/sigmoid/train_loss":0.03925395683282376}