{"val/loss":0.11901612787588954,"_timestamp":1.7725247447823606e+09,"epoch":15,"best_val_accuracy":0.9773333333333334,"val/accuracy":0.9773333333333334,"test_accuracy":0.9778,"_step":15,"train/loss":0.013649405481223188,"_wandb":{"runtime":368},"train/accuracy":0.9960185185185185,"test_loss":0.10302616654447574,"_runtime":368,"test/accuracy":0.9778,"test/loss":0.10302616654447574}