{"val/loss":0.12150343776540158,"_step":15,"_runtime":1497,"_timestamp":1.7724715126152046e+09,"test/accuracy":0.9737,"best_val_accuracy":0.9751666666666666,"test_loss":0.10505758039309471,"train/accuracy":0.9846111111111111,"test/loss":0.10505758039309471,"val/accuracy":0.9681666666666666,"epoch":15,"test_accuracy":0.9737,"train/loss":0.04824590021654864,"_wandb":{"runtime":1497}}