{"test_accuracy":0.1135,"_runtime":77,"val/accuracy":0.1125,"test/accuracy":0.1135,"_timestamp":1.7724392215023499e+09,"_step":15,"train/loss":2.301922944809959,"train/accuracy":0.11235185185185186,"test_loss":2.3018756470074746,"_wandb":{"runtime":77},"epoch":15,"val/loss":2.3018226116093237,"best_val_accuracy":0.1125,"test/loss":2.3018756470074746}