{"_wandb":{"runtime":167},"_runtime":167,"train/accuracy":0.11298148148148149,"best_val_accuracy":0.10683333333333334,"_timestamp":1.7724345360496635e+09,"test/loss":2.3016189630804043,"test_accuracy":0.1135,"_step":5,"train/loss":2.3016725369982134,"test_loss":2.3016189630804043,"epoch":5,"val/loss":2.3018844612388434,"val/accuracy":0.10683333333333334,"test/accuracy":0.1135}