{"_timestamp":1.7728114320583787e+09,"val/loss":0.35595977628087627,"epoch":10,"_step":10,"architecture":"3_hidden_layers_x_128_neurons_relu","final_train_loss":0.3376947594542506,"_runtime":108.6855982,"_wandb":{"runtime":108},"optimizer":"momentum","train/loss":0.3376947594542506,"final_val_loss":0.35595977628087627}