{"test_accuracy":0.9431,"_step":10,"val/loss":0.26900957726101277,"test_loss":0.2444581601458669,"_wandb":{"runtime":456},"_runtime":456,"test/accuracy":0.9431,"epoch":10,"test/loss":0.2444581601458669,"best_val_accuracy":0.9485,"train/loss":0.215531623226301,"train/accuracy":0.9466111111111111,"val/accuracy":0.9411666666666667,"_timestamp":1.7721014730854452e+09}