{"epoch":10,"_timestamp":1.7728588180525362e+09,"loss_function":"mse_loss","_step":10,"final/val_loss":0.0037665426364058632,"_wandb":{"runtime":122},"val/loss":0.0037665426364058632,"final/val_accuracy":0.9773333333333334,"train/accuracy":0.9907407407407407,"final/train_loss":0.0014700469468255702,"val/accuracy":0.9773333333333334,"train/loss":0.0014700469468255702,"seed":45,"_runtime":122.4869191}