{"_step":10,"_wandb":{"runtime":96},"train/accuracy":0.9953518518518518,"train/loss":0.014854244499220931,"val/loss":0.09438826822329376,"loss_function":"cross_entropy_loss","seed":44,"val/accuracy":0.9763333333333334,"epoch":10,"final/train_loss":0.014854244499220931,"final/val_accuracy":0.9763333333333334,"_timestamp":1.7728596886664193e+09,"final/val_loss":0.09438826822329376,"_runtime":96.2870055}