{"test/loss":0.1425873762878573,"best_val_accuracy":0.9798333333333333,"train/accuracy":0.996037037037037,"test/accuracy":0.9778,"_step":15,"test_accuracy":0.9778,"test_loss":0.1425873762878573,"val/loss":0.18314563093486086,"train/loss":0.015926850122476653,"_runtime":3281,"val/accuracy":0.9743333333333334,"_timestamp":1.7721285322538176e+09,"epoch":15,"_wandb":{"runtime":3281}}