{"train/loss":2.3021006429009616,"test_accuracy":0.1135,"_step":5,"val/loss":2.3020486651085887,"test/accuracy":0.1135,"_runtime":30,"_wandb":{"runtime":30},"epoch":5,"best_val_accuracy":0.1175,"test_loss":2.302061164511376,"test/loss":2.302061164511376,"_timestamp":1.7724493954994469e+09,"train/accuracy":0.1117962962962963,"val/accuracy":0.1175}