{"_runtime":85,"train/loss":2.3019934332391463,"test/loss":2.3013246480514575,"_timestamp":1.772437951327915e+09,"test_loss":2.3013246480514575,"_wandb":{"runtime":85},"test/accuracy":0.1135,"_step":5,"val/accuracy":0.1125,"epoch":5,"test_accuracy":0.1135,"train/accuracy":0.11235185185185186,"best_val_accuracy":0.1125,"val/loss":2.3010547184817467}