{"test/loss":0.35776641640621554,"_step":15,"test_loss":0.35776641640621554,"val/loss":0.3860072118742537,"test/accuracy":0.8987,"_timestamp":1.7724346029981778e+09,"test_accuracy":0.8987,"_runtime":57,"_wandb":{"runtime":57},"train/accuracy":0.8953703703703704,"best_val_accuracy":0.8908333333333334,"epoch":15,"train/loss":0.37299210364552293,"val/accuracy":0.8908333333333334}