{"_wandb":{"runtime":32514},"train/loss":2.2952605696748845,"test_accuracy":0.1136,"train/accuracy":0.11303703703703703,"val/accuracy":0.10683333333333334,"best_val_accuracy":0.10683333333333334,"test_loss":2.2951816618755747,"val/loss":2.2956078673985942,"_runtime":32514,"test/accuracy":0.1136,"test/loss":2.2951816618755747,"_timestamp":1.7721671563659449e+09,"_step":10,"epoch":10}