{"final/train_loss":0.0017800394932949762,"val/accuracy":0.9728333333333333,"train/loss":0.0017800394932949762,"_timestamp":1.772858679587392e+09,"val/loss":0.004428511171673145,"final/val_accuracy":0.9728333333333333,"_wandb":{"runtime":58},"loss_function":"mse_loss","train/accuracy":0.9888888888888889,"final/val_loss":0.004428511171673145,"_runtime":58.6862363,"seed":44,"_step":10,"epoch":10}