{"_runtime":60.083929,"train/loss":0.019005388593209514,"val/loss":0.09378704709232191,"val/accuracy":0.9766666666666667,"seed":45,"final/val_loss":0.09378704709232191,"train/accuracy":0.9938518518518519,"_timestamp":1.7728584286849542e+09,"_wandb":{"runtime":60},"_step":10,"epoch":10,"loss_function":"cross_entropy_loss","final/train_loss":0.019005388593209514,"final/val_accuracy":0.9766666666666667}